-- phpMyAdmin SQL Dump
-- version 5.2.1
-- https://www.phpmyadmin.net/
--
-- Servidor: 127.0.0.1
-- Tiempo de generación: 01-02-2025 a las 16:52:27
-- Versión del servidor: 10.4.32-MariaDB
-- Versión de PHP: 8.0.30

SET SQL_MODE = "NO_AUTO_VALUE_ON_ZERO";
START TRANSACTION;
SET time_zone = "+00:00";


/*!40101 SET @OLD_CHARACTER_SET_CLIENT=@@CHARACTER_SET_CLIENT */;
/*!40101 SET @OLD_CHARACTER_SET_RESULTS=@@CHARACTER_SET_RESULTS */;
/*!40101 SET @OLD_COLLATION_CONNECTION=@@COLLATION_CONNECTION */;
/*!40101 SET NAMES utf8mb4 */;

--
-- Base de datos: `linkfast_db`
--

-- --------------------------------------------------------

--
-- Estructura de tabla para la tabla `comments`
--

CREATE TABLE `comments` (
  `id` int(11) NOT NULL,
  `user_id` int(11) NOT NULL,
  `post_id` int(11) NOT NULL,
  `comment` text NOT NULL,
  `created_at` datetime DEFAULT current_timestamp()
) ENGINE=InnoDB DEFAULT CHARSET=utf8mb4 COLLATE=utf8mb4_general_ci;

-- --------------------------------------------------------

--
-- Estructura de tabla para la tabla `follows`
--

CREATE TABLE `follows` (
  `id` int(11) NOT NULL,
  `follower_id` int(11) NOT NULL,
  `following_id` int(11) NOT NULL,
  `created_at` timestamp NOT NULL DEFAULT current_timestamp()
) ENGINE=InnoDB DEFAULT CHARSET=utf8mb4 COLLATE=utf8mb4_general_ci;

--
-- Volcado de datos para la tabla `follows`
--

INSERT INTO `follows` (`id`, `follower_id`, `following_id`, `created_at`) VALUES
(1, 2, 3, '2025-02-01 14:16:35'),
(2, 2, 1, '2025-02-01 14:16:38');

-- --------------------------------------------------------

--
-- Estructura de tabla para la tabla `friend_requests`
--

CREATE TABLE `friend_requests` (
  `id` int(11) NOT NULL,
  `sender_id` int(11) NOT NULL,
  `receiver_id` int(11) NOT NULL,
  `status` enum('pending','accepted','rejected') DEFAULT 'pending',
  `sent_at` datetime DEFAULT current_timestamp()
) ENGINE=InnoDB DEFAULT CHARSET=utf8mb4 COLLATE=utf8mb4_general_ci;

-- --------------------------------------------------------

--
-- Estructura de tabla para la tabla `likes`
--

CREATE TABLE `likes` (
  `id` int(11) NOT NULL,
  `user_id` int(11) NOT NULL,
  `post_id` int(11) NOT NULL,
  `created_at` datetime DEFAULT current_timestamp()
) ENGINE=InnoDB DEFAULT CHARSET=utf8mb4 COLLATE=utf8mb4_general_ci;

--
-- Volcado de datos para la tabla `likes`
--

INSERT INTO `likes` (`id`, `user_id`, `post_id`, `created_at`) VALUES
(1, 3, 2, '2025-02-01 08:31:35'),
(2, 2, 5, '2025-02-01 08:33:12');

-- --------------------------------------------------------

--
-- Estructura de tabla para la tabla `messages`
--

CREATE TABLE `messages` (
  `id` int(11) NOT NULL,
  `sender_id` int(11) NOT NULL,
  `receiver_id` int(11) NOT NULL,
  `message` text NOT NULL,
  `sent_at` datetime DEFAULT current_timestamp()
) ENGINE=InnoDB DEFAULT CHARSET=utf8mb4 COLLATE=utf8mb4_general_ci;

-- --------------------------------------------------------

--
-- Estructura de tabla para la tabla `posts`
--

CREATE TABLE `posts` (
  `id` int(11) NOT NULL,
  `user_id` int(11) NOT NULL,
  `content` text NOT NULL,
  `image` varchar(255) DEFAULT NULL,
  `created_at` datetime DEFAULT current_timestamp()
) ENGINE=InnoDB DEFAULT CHARSET=utf8mb4 COLLATE=utf8mb4_general_ci;

--
-- Volcado de datos para la tabla `posts`
--

INSERT INTO `posts` (`id`, `user_id`, `content`, `image`, `created_at`) VALUES
(1, 2, 'Hola', NULL, '2025-02-01 07:57:48'),
(2, 2, 'Chao', NULL, '2025-02-01 08:14:38'),
(3, 3, 'Hello world', NULL, '2025-02-01 08:29:05'),
(4, 2, 'Katherine dijo que suba algo', NULL, '2025-02-01 08:32:45'),
(5, 2, 'holaa', NULL, '2025-02-01 08:33:00'),
(6, 2, 'u', NULL, '2025-02-01 09:18:53'),
(7, 2, 'aa', 'images/2ce179dcd7446df8048b8a8169f593c1.jpg', '2025-02-01 09:21:31');

-- --------------------------------------------------------

--
-- Estructura de tabla para la tabla `users`
--

CREATE TABLE `users` (
  `id` int(11) NOT NULL,
  `username` varchar(50) NOT NULL,
  `email` varchar(100) NOT NULL,
  `password` varchar(255) NOT NULL,
  `created_at` datetime DEFAULT current_timestamp(),
  `profile_pic` varchar(255) DEFAULT 'default.png',
  `banner_pic` varchar(255) DEFAULT NULL
) ENGINE=InnoDB DEFAULT CHARSET=utf8mb4 COLLATE=utf8mb4_general_ci;

--
-- Volcado de datos para la tabla `users`
--

INSERT INTO `users` (`id`, `username`, `email`, `password`, `created_at`, `profile_pic`, `banner_pic`) VALUES
(1, 'andr1u', 'andre@gmail.com', '$2y$10$q.ZO5Su0vg.Dtf0ihiS6pONjHDxqIMnpfish4jyvxqFthCTwGQlX6', '2025-01-31 21:35:27', 'default.png', NULL),
(2, 'andres', 'andres@gmail.com', '$2y$10$RVkg08nQfDQs.LRxwwtUdezEtZePpRsKhqnP5Af37kFRf59guqLmi', '2025-02-01 07:25:46', 'uploads/679e18e7a0a4b.jpeg', 'uploads/679e19a3dd9ff.png'),
(3, 'muzo', 'muzo@gmail.com', '$2y$10$OnV15nqDAHNC4EUDvH1nJ.1Fb4Bbw3anBwudowTLhjHrlMgmpq6aO', '2025-02-01 08:17:33', 'uploads/679e2e3d0390a.jpg', NULL);

--
-- Índices para tablas volcadas
--

--
-- Indices de la tabla `comments`
--
ALTER TABLE `comments`
  ADD PRIMARY KEY (`id`),
  ADD KEY `user_id` (`user_id`),
  ADD KEY `post_id` (`post_id`);

--
-- Indices de la tabla `follows`
--
ALTER TABLE `follows`
  ADD PRIMARY KEY (`id`),
  ADD UNIQUE KEY `unique_follow` (`follower_id`,`following_id`);

--
-- Indices de la tabla `friend_requests`
--
ALTER TABLE `friend_requests`
  ADD PRIMARY KEY (`id`),
  ADD UNIQUE KEY `sender_id` (`sender_id`,`receiver_id`),
  ADD KEY `receiver_id` (`receiver_id`);

--
-- Indices de la tabla `likes`
--
ALTER TABLE `likes`
  ADD PRIMARY KEY (`id`),
  ADD UNIQUE KEY `user_id` (`user_id`,`post_id`),
  ADD KEY `post_id` (`post_id`);

--
-- Indices de la tabla `messages`
--
ALTER TABLE `messages`
  ADD PRIMARY KEY (`id`),
  ADD KEY `sender_id` (`sender_id`),
  ADD KEY `receiver_id` (`receiver_id`);

--
-- Indices de la tabla `posts`
--
ALTER TABLE `posts`
  ADD PRIMARY KEY (`id`),
  ADD KEY `user_id` (`user_id`);

--
-- Indices de la tabla `users`
--
ALTER TABLE `users`
  ADD PRIMARY KEY (`id`),
  ADD UNIQUE KEY `username` (`username`),
  ADD UNIQUE KEY `email` (`email`);

--
-- AUTO_INCREMENT de las tablas volcadas
--

--
-- AUTO_INCREMENT de la tabla `comments`
--
ALTER TABLE `comments`
  MODIFY `id` int(11) NOT NULL AUTO_INCREMENT;

--
-- AUTO_INCREMENT de la tabla `follows`
--
ALTER TABLE `follows`
  MODIFY `id` int(11) NOT NULL AUTO_INCREMENT, AUTO_INCREMENT=3;

--
-- AUTO_INCREMENT de la tabla `friend_requests`
--
ALTER TABLE `friend_requests`
  MODIFY `id` int(11) NOT NULL AUTO_INCREMENT;

--
-- AUTO_INCREMENT de la tabla `likes`
--
ALTER TABLE `likes`
  MODIFY `id` int(11) NOT NULL AUTO_INCREMENT, AUTO_INCREMENT=3;

--
-- AUTO_INCREMENT de la tabla `messages`
--
ALTER TABLE `messages`
  MODIFY `id` int(11) NOT NULL AUTO_INCREMENT;

--
-- AUTO_INCREMENT de la tabla `posts`
--
ALTER TABLE `posts`
  MODIFY `id` int(11) NOT NULL AUTO_INCREMENT, AUTO_INCREMENT=8;

--
-- AUTO_INCREMENT de la tabla `users`
--
ALTER TABLE `users`
  MODIFY `id` int(11) NOT NULL AUTO_INCREMENT, AUTO_INCREMENT=4;

--
-- Restricciones para tablas volcadas
--

--
-- Filtros para la tabla `comments`
--
ALTER TABLE `comments`
  ADD CONSTRAINT `comments_ibfk_1` FOREIGN KEY (`user_id`) REFERENCES `users` (`id`) ON DELETE CASCADE,
  ADD CONSTRAINT `comments_ibfk_2` FOREIGN KEY (`post_id`) REFERENCES `posts` (`id`) ON DELETE CASCADE;

--
-- Filtros para la tabla `friend_requests`
--
ALTER TABLE `friend_requests`
  ADD CONSTRAINT `friend_requests_ibfk_1` FOREIGN KEY (`sender_id`) REFERENCES `users` (`id`) ON DELETE CASCADE,
  ADD CONSTRAINT `friend_requests_ibfk_2` FOREIGN KEY (`receiver_id`) REFERENCES `users` (`id`) ON DELETE CASCADE;

--
-- Filtros para la tabla `likes`
--
ALTER TABLE `likes`
  ADD CONSTRAINT `likes_ibfk_1` FOREIGN KEY (`user_id`) REFERENCES `users` (`id`) ON DELETE CASCADE,
  ADD CONSTRAINT `likes_ibfk_2` FOREIGN KEY (`post_id`) REFERENCES `posts` (`id`) ON DELETE CASCADE;

--
-- Filtros para la tabla `messages`
--
ALTER TABLE `messages`
  ADD CONSTRAINT `messages_ibfk_1` FOREIGN KEY (`sender_id`) REFERENCES `users` (`id`) ON DELETE CASCADE,
  ADD CONSTRAINT `messages_ibfk_2` FOREIGN KEY (`receiver_id`) REFERENCES `users` (`id`) ON DELETE CASCADE;

--
-- Filtros para la tabla `posts`
--
ALTER TABLE `posts`
  ADD CONSTRAINT `posts_ibfk_1` FOREIGN KEY (`user_id`) REFERENCES `users` (`id`) ON DELETE CASCADE;
COMMIT;

/*!40101 SET CHARACTER_SET_CLIENT=@OLD_CHARACTER_SET_CLIENT */;
/*!40101 SET CHARACTER_SET_RESULTS=@OLD_CHARACTER_SET_RESULTS */;
/*!40101 SET COLLATION_CONNECTION=@OLD_COLLATION_CONNECTION */;